<?xml version="1.0" encoding="UTF-8"?>
<!DOCTYPE mapper
        PUBLIC "-//mybatis.org//DTD Mapper 3.0//EN"
        "http://mybatis.org/dtd/mybatis-3-mapper.dtd">
<mapper namespace="com.example.mapper.AddressMapper">

    <sql id="Base_Column_List">
        id,name,address,phone,user_id
    </sql>

    <select id="selectAll" resultType="com.example.entity.Address">
        select
        address.*, user.name as userName
        from address
        left join user on address.user_id = user.id
        <where>
            <if test="name != null"> and address.name like concat('%', #{name}, '%')</if>
            <if test="userId != null"> and address.user_id = #{userId}</if>
        </where>
        order by id desc
    </select>

    <select id="selectById" resultType="com.example.entity.Address">
        select
        <include refid="Base_Column_List" />
        from address
        where id = #{id}
    </select>

    <delete id="deleteById">
        delete from address
        where  id = #{id}
    </delete>

    <insert id="insert" parameterType="com.example.entity.Address" useGeneratedKeys="true" keyProperty="id">
        insert into address
        <trim prefix="(" suffix=")" suffixOverrides=",">
            <if test="id != null">id,</if>
            <if test="name != null">name,</if>
            <if test="address != null">address,</if>
            <if test="phone != null">phone,</if>
            <if test="userId != null">user_id,</if>
        </trim>
        <trim prefix="values (" suffix=")" suffixOverrides=",">
            <if test="id != null">#{id},</if>
            <if test="name != null">#{name},</if>
            <if test="address != null">#{address},</if>
            <if test="phone != null">#{phone},</if>
            <if test="userId != null">#{userId},</if>
        </trim>
    </insert>

    <update id="updateById" parameterType="com.example.entity.Address">
        update address
        <set>
            <if test="name != null">
                name = #{name},
            </if>
            <if test="address != null">
                address = #{address},
            </if>
            <if test="phone != null">
                phone = #{phone},
            </if>
            <if test="userId != null">
                user_id = #{userId},
            </if>
        </set>
        where id = #{id}
    </update>

</mapper>